Trial-ID,Status,Iteration,decay,dense_units,dropout,learning_rate,lstm_units,Objective
1,INTERMEDIATE,0,1.60468259325176e-05,83,0.34858544865805124,0.014876604404929607,81,0.03420063480734825
1,INTERMEDIATE,1,1.60468259325176e-05,83,0.34858544865805124,0.014876604404929607,81,0.03382724151015282
1,INTERMEDIATE,2,1.60468259325176e-05,83,0.34858544865805124,0.014876604404929607,81,0.03370976075530052
1,INTERMEDIATE,3,1.60468259325176e-05,83,0.34858544865805124,0.014876604404929607,81,0.033628519624471664
1,INTERMEDIATE,4,1.60468259325176e-05,83,0.34858544865805124,0.014876604404929607,81,0.03369061276316643
1,COMPLETED,4,1.60468259325176e-05,83,0.34858544865805124,0.014876604404929607,81,0.033628519624471664
2,INTERMEDIATE,0,2.299355193581599e-06,116,0.4597948241832973,0.09854416045886331,146,
2,INTERMEDIATE,1,2.299355193581599e-06,116,0.4597948241832973,0.09854416045886331,146,
2,INTERMEDIATE,2,2.299355193581599e-06,116,0.4597948241832973,0.09854416045886331,146,
2,INTERMEDIATE,3,2.299355193581599e-06,116,0.4597948241832973,0.09854416045886331,146,
2,INTERMEDIATE,4,2.299355193581599e-06,116,0.4597948241832973,0.09854416045886331,146,
3,INTERMEDIATE,0,2.82357260537389e-07,187,0.40002075941295256,0.0006370464747590707,62,0.016049150377511978
3,INTERMEDIATE,1,2.82357260537389e-07,187,0.40002075941295256,0.0006370464747590707,62,0.01571468822658062
3,INTERMEDIATE,2,2.82357260537389e-07,187,0.40002075941295256,0.0006370464747590707,62,0.011070228181779385
3,INTERMEDIATE,3,2.82357260537389e-07,187,0.40002075941295256,0.0006370464747590707,62,0.009833126328885555
3,INTERMEDIATE,4,2.82357260537389e-07,187,0.40002075941295256,0.0006370464747590707,62,0.009318964555859566
3,COMPLETED,4,2.82357260537389e-07,187,0.40002075941295256,0.0006370464747590707,62,0.009318964555859566
4,INTERMEDIATE,0,2.832919136603802e-05,53,0.13463284171136636,0.0019900385772040987,91,0.015189998783171177
4,INTERMEDIATE,1,2.832919136603802e-05,53,0.13463284171136636,0.0019900385772040987,91,0.011276530101895332
4,INTERMEDIATE,2,2.832919136603802e-05,53,0.13463284171136636,0.0019900385772040987,91,0.010065814480185509
4,INTERMEDIATE,3,2.832919136603802e-05,53,0.13463284171136636,0.0019900385772040987,91,0.01167821791023016
4,INTERMEDIATE,4,2.832919136603802e-05,53,0.13463284171136636,0.0019900385772040987,91,0.0098636569455266
4,COMPLETED,4,2.832919136603802e-05,53,0.13463284171136636,0.0019900385772040987,91,0.0098636569455266
5,INTERMEDIATE,0,0.007794575329327035,128,0.3227607327110159,0.004400222013118766,162,0.04072055593132973
5,INTERMEDIATE,1,0.007794575329327035,128,0.3227607327110159,0.004400222013118766,162,0.0292610302567482
5,INTERMEDIATE,2,0.007794575329327035,128,0.3227607327110159,0.004400222013118766,162,0.023068804293870926
5,INTERMEDIATE,3,0.007794575329327035,128,0.3227607327110159,0.004400222013118766,162,0.026250051334500313
5,INTERMEDIATE,4,0.007794575329327035,128,0.3227607327110159,0.004400222013118766,162,0.020729374140501022
5,COMPLETED,4,0.007794575329327035,128,0.3227607327110159,0.004400222013118766,162,0.020729374140501022
6,INTERMEDIATE,0,0.0002196218524768044,182,0.24282487265885327,0.0030031352501336287,171,0.014944675378501415
6,INTERMEDIATE,1,0.0002196218524768044,182,0.24282487265885327,0.0030031352501336287,171,0.013137517496943474
6,INTERMEDIATE,2,0.0002196218524768044,182,0.24282487265885327,0.0030031352501336287,171,0.01010124571621418
6,INTERMEDIATE,3,0.0002196218524768044,182,0.24282487265885327,0.0030031352501336287,171,0.010351291857659817
6,INTERMEDIATE,4,0.0002196218524768044,182,0.24282487265885327,0.0030031352501336287,171,0.009690220467746258
6,COMPLETED,4,0.0002196218524768044,182,0.24282487265885327,0.0030031352501336287,171,0.009690220467746258
7,INTERMEDIATE,0,3.345732125846831e-06,170,0.3796959799991753,0.0017482696586898466,87,0.015226040035486221
7,INTERMEDIATE,1,3.345732125846831e-06,170,0.3796959799991753,0.0017482696586898466,87,0.010913516394793987
7,INTERMEDIATE,2,3.345732125846831e-06,170,0.3796959799991753,0.0017482696586898466,87,0.011996976099908352
7,INTERMEDIATE,3,3.345732125846831e-06,170,0.3796959799991753,0.0017482696586898466,87,0.009810885414481163
7,INTERMEDIATE,4,3.345732125846831e-06,170,0.3796959799991753,0.0017482696586898466,87,0.009560411795973778
7,COMPLETED,4,3.345732125846831e-06,170,0.3796959799991753,0.0017482696586898466,87,0.009560411795973778
8,INTERMEDIATE,0,6.810991685230203e-07,91,0.4342592896238174,0.06290724350703959,196,
8,INTERMEDIATE,1,6.810991685230203e-07,91,0.4342592896238174,0.06290724350703959,196,
8,INTERMEDIATE,2,6.810991685230203e-07,91,0.4342592896238174,0.06290724350703959,196,
8,INTERMEDIATE,3,6.810991685230203e-07,91,0.4342592896238174,0.06290724350703959,196,
8,INTERMEDIATE,4,6.810991685230203e-07,91,0.4342592896238174,0.06290724350703959,196,
9,INTERMEDIATE,0,0.00022627984066490454,151,0.21759092443706646,0.00031732773666889955,94,0.017365125939249992
9,INTERMEDIATE,1,0.00022627984066490454,151,0.21759092443706646,0.00031732773666889955,94,0.012796439230442047
9,INTERMEDIATE,2,0.00022627984066490454,151,0.21759092443706646,0.00031732773666889955,94,0.01315372996032238
9,INTERMEDIATE,3,0.00022627984066490454,151,0.21759092443706646,0.00031732773666889955,94,0.011531869880855083
9,INTERMEDIATE,4,0.00022627984066490454,151,0.21759092443706646,0.00031732773666889955,94,0.00978920515626669
9,COMPLETED,4,0.00022627984066490454,151,0.21759092443706646,0.00031732773666889955,94,0.00978920515626669
10,INTERMEDIATE,0,2.778121574857105e-07,159,0.28098751518508575,0.0001226586929402872,176,0.021049313247203827
10,INTERMEDIATE,1,2.778121574857105e-07,159,0.28098751518508575,0.0001226586929402872,176,0.01641339808702469
10,INTERMEDIATE,2,2.778121574857105e-07,159,0.28098751518508575,0.0001226586929402872,176,0.01421700045466423
10,INTERMEDIATE,3,2.778121574857105e-07,159,0.28098751518508575,0.0001226586929402872,176,0.012835425324738026
10,INTERMEDIATE,4,2.778121574857105e-07,159,0.28098751518508575,0.0001226586929402872,176,0.011509116739034653
10,COMPLETED,4,2.778121574857105e-07,159,0.28098751518508575,0.0001226586929402872,176,0.011509116739034653
11,INTERMEDIATE,0,2.0885718377923846e-05,108,0.40718060228558145,0.0006548697455628682,167,0.017069661989808083
11,INTERMEDIATE,1,2.0885718377923846e-05,108,0.40718060228558145,0.0006548697455628682,167,0.01108928956091404
11,INTERMEDIATE,2,2.0885718377923846e-05,108,0.40718060228558145,0.0006548697455628682,167,0.0101974718272686
11,INTERMEDIATE,3,2.0885718377923846e-05,108,0.40718060228558145,0.0006548697455628682,167,0.010103303007781506
11,INTERMEDIATE,4,2.0885718377923846e-05,108,0.40718060228558145,0.0006548697455628682,167,0.00936136581003666
11,COMPLETED,4,2.0885718377923846e-05,108,0.40718060228558145,0.0006548697455628682,167,0.00936136581003666
12,INTERMEDIATE,0,7.846457653642549e-07,163,0.47741327155272745,0.05794970168496541,65,0.06281781196594238
12,INTERMEDIATE,1,7.846457653642549e-07,163,0.47741327155272745,0.05794970168496541,65,0.05460656061768532
12,INTERMEDIATE,2,7.846457653642549e-07,163,0.47741327155272745,0.05794970168496541,65,0.052228689193725586
12,INTERMEDIATE,3,7.846457653642549e-07,163,0.47741327155272745,0.05794970168496541,65,0.04799383506178856
12,INTERMEDIATE,4,7.846457653642549e-07,163,0.47741327155272745,0.05794970168496541,65,0.04503642022609711
12,COMPLETED,4,7.846457653642549e-07,163,0.47741327155272745,0.05794970168496541,65,0.04503642022609711
13,INTERMEDIATE,0,4.5181101531153697e-05,113,0.35850912368760907,0.00017178767832774002,94,0.026289550587534904
13,INTERMEDIATE,1,4.5181101531153697e-05,113,0.35850912368760907,0.00017178767832774002,94,0.019716819748282433
13,INTERMEDIATE,2,4.5181101531153697e-05,113,0.35850912368760907,0.00017178767832774002,94,0.015537556260824203
13,INTERMEDIATE,3,4.5181101531153697e-05,113,0.35850912368760907,0.00017178767832774002,94,0.013902528211474419
13,INTERMEDIATE,4,4.5181101531153697e-05,113,0.35850912368760907,0.00017178767832774002,94,0.012598167173564434
13,COMPLETED,4,4.5181101531153697e-05,113,0.35850912368760907,0.00017178767832774002,94,0.012598167173564434
14,INTERMEDIATE,0,3.243721533590963e-05,63,0.49152278644297187,0.054362241117338374,60,0.05149898678064346
14,INTERMEDIATE,1,3.243721533590963e-05,63,0.49152278644297187,0.054362241117338374,60,0.04585938900709152
14,INTERMEDIATE,2,3.243721533590963e-05,63,0.49152278644297187,0.054362241117338374,60,0.04343555495142937
14,INTERMEDIATE,3,3.243721533590963e-05,63,0.49152278644297187,0.054362241117338374,60,0.042593814432621
14,INTERMEDIATE,4,3.243721533590963e-05,63,0.49152278644297187,0.054362241117338374,60,0.04196299985051155
14,COMPLETED,4,3.243721533590963e-05,63,0.49152278644297187,0.054362241117338374,60,0.04196299985051155
15,INTERMEDIATE,0,0.003389259857905193,57,0.23963471639595924,0.011303827631414671,98,0.03761523216962814
15,INTERMEDIATE,1,0.003389259857905193,57,0.23963471639595924,0.011303827631414671,98,0.03396005183458328
15,INTERMEDIATE,2,0.003389259857905193,57,0.23963471639595924,0.011303827631414671,98,0.03312758356332779
15,INTERMEDIATE,3,0.003389259857905193,57,0.23963471639595924,0.011303827631414671,98,0.03241110220551491
15,INTERMEDIATE,4,0.003389259857905193,57,0.23963471639595924,0.011303827631414671,98,0.030477073043584824
15,COMPLETED,4,0.003389259857905193,57,0.23963471639595924,0.011303827631414671,98,0.030477073043584824
16,INTERMEDIATE,0,9.447819312638655e-07,151,0.4890335740985104,0.002105711793000071,193,0.01845131441950798
16,INTERMEDIATE,1,9.447819312638655e-07,151,0.4890335740985104,0.002105711793000071,193,0.011644966900348663
16,INTERMEDIATE,2,9.447819312638655e-07,151,0.4890335740985104,0.002105711793000071,193,0.01026756688952446
16,INTERMEDIATE,3,9.447819312638655e-07,151,0.4890335740985104,0.002105711793000071,193,0.01025556493550539
16,INTERMEDIATE,4,9.447819312638655e-07,151,0.4890335740985104,0.002105711793000071,193,0.009802582673728466
16,COMPLETED,4,9.447819312638655e-07,151,0.4890335740985104,0.002105711793000071,193,0.009802582673728466
17,INTERMEDIATE,0,7.140445110052337e-06,52,0.20844868258490262,0.0003439491120262903,55,0.024735866114497185
17,INTERMEDIATE,1,7.140445110052337e-06,52,0.20844868258490262,0.0003439491120262903,55,0.018097160384058952
17,INTERMEDIATE,2,7.140445110052337e-06,52,0.20844868258490262,0.0003439491120262903,55,0.01386378426104784
17,INTERMEDIATE,3,7.140445110052337e-06,52,0.20844868258490262,0.0003439491120262903,55,0.01289128977805376
17,INTERMEDIATE,4,7.140445110052337e-06,52,0.20844868258490262,0.0003439491120262903,55,0.012666516937315464
17,COMPLETED,4,7.140445110052337e-06,52,0.20844868258490262,0.0003439491120262903,55,0.012666516937315464
18,INTERMEDIATE,0,6.226341908279042e-06,109,0.24721276317140972,0.0018668800341806826,116,0.013830464333295822
18,INTERMEDIATE,1,6.226341908279042e-06,109,0.24721276317140972,0.0018668800341806826,116,0.011109811253845692
18,INTERMEDIATE,2,6.226341908279042e-06,109,0.24721276317140972,0.0018668800341806826,116,0.009953666478395462
18,INTERMEDIATE,3,6.226341908279042e-06,109,0.24721276317140972,0.0018668800341806826,116,0.009223376400768757
18,INTERMEDIATE,4,6.226341908279042e-06,109,0.24721276317140972,0.0018668800341806826,116,0.008572639897465706
18,COMPLETED,4,6.226341908279042e-06,109,0.24721276317140972,0.0018668800341806826,116,0.008572639897465706
19,INTERMEDIATE,0,0.004245011416780862,87,0.1206240698979642,0.0007097944223715258,55,0.02034398540854454
19,INTERMEDIATE,1,0.004245011416780862,87,0.1206240698979642,0.0007097944223715258,55,0.01214992068707943
19,INTERMEDIATE,2,0.004245011416780862,87,0.1206240698979642,0.0007097944223715258,55,0.010065513662993908
19,INTERMEDIATE,3,0.004245011416780862,87,0.1206240698979642,0.0007097944223715258,55,0.009648746810853481
19,INTERMEDIATE,4,0.004245011416780862,87,0.1206240698979642,0.0007097944223715258,55,0.009416034445166588
19,COMPLETED,4,0.004245011416780862,87,0.1206240698979642,0.0007097944223715258,55,0.009416034445166588
20,INTERMEDIATE,0,0.003933754854219326,181,0.3540781775080151,0.02776723495091995,67,0.035055503249168396
20,INTERMEDIATE,1,0.003933754854219326,181,0.3540781775080151,0.02776723495091995,67,0.034334100782871246
20,INTERMEDIATE,2,0.003933754854219326,181,0.3540781775080151,0.02776723495091995,67,0.03463339805603027
20,INTERMEDIATE,3,0.003933754854219326,181,0.3540781775080151,0.02776723495091995,67,0.03475608676671982
20,INTERMEDIATE,4,0.003933754854219326,181,0.3540781775080151,0.02776723495091995,67,0.03433621674776077
20,COMPLETED,4,0.003933754854219326,181,0.3540781775080151,0.02776723495091995,67,0.034334100782871246
21,INTERMEDIATE,0,0.0014672508498352577,135,0.15583181413744635,0.00037124791003205444,94,0.022021276876330376
21,INTERMEDIATE,1,0.0014672508498352577,135,0.15583181413744635,0.00037124791003205444,94,0.013772453181445599
21,INTERMEDIATE,2,0.0014672508498352577,135,0.15583181413744635,0.00037124791003205444,94,0.011128666810691357
21,INTERMEDIATE,3,0.0014672508498352577,135,0.15583181413744635,0.00037124791003205444,94,0.010072382166981697
21,INTERMEDIATE,4,0.0014672508498352577,135,0.15583181413744635,0.00037124791003205444,94,0.010021362453699112
21,COMPLETED,4,0.0014672508498352577,135,0.15583181413744635,0.00037124791003205444,94,0.010021362453699112
22,INTERMEDIATE,0,0.0009473971419010621,140,0.028006053524392283,0.008149937499537536,78,0.02627907507121563
22,INTERMEDIATE,1,0.0009473971419010621,140,0.028006053524392283,0.008149937499537536,78,0.019435502588748932
22,INTERMEDIATE,2,0.0009473971419010621,140,0.028006053524392283,0.008149937499537536,78,0.018352843821048737
22,INTERMEDIATE,3,0.0009473971419010621,140,0.028006053524392283,0.008149937499537536,78,0.019347261637449265
22,INTERMEDIATE,4,0.0009473971419010621,140,0.028006053524392283,0.008149937499537536,78,0.019475920125842094
22,COMPLETED,4,0.0009473971419010621,140,0.028006053524392283,0.008149937499537536,78,0.018352843821048737
23,INTERMEDIATE,0,0.0002772963296041604,114,0.47706385185084327,0.004606411013303639,150,0.0320683978497982
23,INTERMEDIATE,1,0.0002772963296041604,114,0.47706385185084327,0.004606411013303639,150,0.04317230358719826
23,INTERMEDIATE,2,0.0002772963296041604,114,0.47706385185084327,0.004606411013303639,150,0.05251971632242203
23,INTERMEDIATE,3,0.0002772963296041604,114,0.47706385185084327,0.004606411013303639,150,0.05639379471540451
23,INTERMEDIATE,4,0.0002772963296041604,114,0.47706385185084327,0.004606411013303639,150,0.050975460559129715
23,COMPLETED,4,0.0002772963296041604,114,0.47706385185084327,0.004606411013303639,150,0.0320683978497982
24,INTERMEDIATE,0,4.0115053376715927e-07,153,0.06407262735805896,0.0003961175814529049,148,0.01635677181184292
24,INTERMEDIATE,1,4.0115053376715927e-07,153,0.06407262735805896,0.0003961175814529049,148,0.011918476782739162
24,INTERMEDIATE,2,4.0115053376715927e-07,153,0.06407262735805896,0.0003961175814529049,148,0.010444793850183487
24,INTERMEDIATE,3,4.0115053376715927e-07,153,0.06407262735805896,0.0003961175814529049,148,0.010530361905694008
24,INTERMEDIATE,4,4.0115053376715927e-07,153,0.06407262735805896,0.0003961175814529049,148,0.009912870824337006
24,COMPLETED,4,4.0115053376715927e-07,153,0.06407262735805896,0.0003961175814529049,148,0.009912870824337006
25,INTERMEDIATE,0,1.1303694460386327e-06,92,0.1558196566459859,0.0988292977913406,181,
25,INTERMEDIATE,1,1.1303694460386327e-06,92,0.1558196566459859,0.0988292977913406,181,
25,INTERMEDIATE,2,1.1303694460386327e-06,92,0.1558196566459859,0.0988292977913406,181,
25,INTERMEDIATE,3,1.1303694460386327e-06,92,0.1558196566459859,0.0988292977913406,181,
25,INTERMEDIATE,4,1.1303694460386327e-06,92,0.1558196566459859,0.0988292977913406,181,
26,INTERMEDIATE,0,0.000535385169032204,152,0.03385596239538735,0.0003313079102276241,184,0.019164854660630226
26,INTERMEDIATE,1,0.000535385169032204,152,0.03385596239538735,0.0003313079102276241,184,0.012136188335716724
26,INTERMEDIATE,2,0.000535385169032204,152,0.03385596239538735,0.0003313079102276241,184,0.009723378345370293
26,INTERMEDIATE,3,0.000535385169032204,152,0.03385596239538735,0.0003313079102276241,184,0.010156629607081413
26,INTERMEDIATE,4,0.000535385169032204,152,0.03385596239538735,0.0003313079102276241,184,0.008308636955916882
26,COMPLETED,4,0.000535385169032204,152,0.03385596239538735,0.0003313079102276241,184,0.008308636955916882
27,INTERMEDIATE,0,0.006911054830478177,72,0.15729118278313492,0.059968676595201574,58,
27,INTERMEDIATE,1,0.006911054830478177,72,0.15729118278313492,0.059968676595201574,58,
27,INTERMEDIATE,2,0.006911054830478177,72,0.15729118278313492,0.059968676595201574,58,
27,INTERMEDIATE,3,0.006911054830478177,72,0.15729118278313492,0.059968676595201574,58,
27,INTERMEDIATE,4,0.006911054830478177,72,0.15729118278313492,0.059968676595201574,58,
28,INTERMEDIATE,0,6.264935420351919e-07,189,0.1861894243184805,0.00031017462337733595,134,0.016151398420333862
28,INTERMEDIATE,1,6.264935420351919e-07,189,0.1861894243184805,0.00031017462337733595,134,0.012510806322097778
28,INTERMEDIATE,2,6.264935420351919e-07,189,0.1861894243184805,0.00031017462337733595,134,0.011195477098226547
28,INTERMEDIATE,3,6.264935420351919e-07,189,0.1861894243184805,0.00031017462337733595,134,0.009889685548841953
28,INTERMEDIATE,4,6.264935420351919e-07,189,0.1861894243184805,0.00031017462337733595,134,0.010088798590004444
28,COMPLETED,4,6.264935420351919e-07,189,0.1861894243184805,0.00031017462337733595,134,0.009889685548841953
29,INTERMEDIATE,0,0.0005340236725258153,113,0.4190137142662824,0.024259840138235577,136,
29,INTERMEDIATE,1,0.0005340236725258153,113,0.4190137142662824,0.024259840138235577,136,
29,INTERMEDIATE,2,0.0005340236725258153,113,0.4190137142662824,0.024259840138235577,136,
29,INTERMEDIATE,3,0.0005340236725258153,113,0.4190137142662824,0.024259840138235577,136,
29,INTERMEDIATE,4,0.0005340236725258153,113,0.4190137142662824,0.024259840138235577,136,
30,INTERMEDIATE,0,2.260412432532657e-06,199,0.2743047113141598,0.002819213971055985,92,0.019018011167645454
30,INTERMEDIATE,1,2.260412432532657e-06,199,0.2743047113141598,0.002819213971055985,92,0.014200921170413494
30,INTERMEDIATE,2,2.260412432532657e-06,199,0.2743047113141598,0.002819213971055985,92,0.01131683774292469
30,INTERMEDIATE,3,2.260412432532657e-06,199,0.2743047113141598,0.002819213971055985,92,0.011617165990173817
30,INTERMEDIATE,4,2.260412432532657e-06,199,0.2743047113141598,0.002819213971055985,92,0.010601378045976162
30,COMPLETED,4,2.260412432532657e-06,199,0.2743047113141598,0.002819213971055985,92,0.010601378045976162
31,INTERMEDIATE,0,2.42074505278657e-05,99,0.18372572104164792,0.00010426761137162686,189,0.022207660600543022
31,INTERMEDIATE,1,2.42074505278657e-05,99,0.18372572104164792,0.00010426761137162686,189,0.021356578916311264
31,INTERMEDIATE,2,2.42074505278657e-05,99,0.18372572104164792,0.00010426761137162686,189,0.014121467247605324
31,INTERMEDIATE,3,2.42074505278657e-05,99,0.18372572104164792,0.00010426761137162686,189,0.013394305482506752
31,INTERMEDIATE,4,2.42074505278657e-05,99,0.18372572104164792,0.00010426761137162686,189,0.012572315521538258
31,COMPLETED,4,2.42074505278657e-05,99,0.18372572104164792,0.00010426761137162686,189,0.012572315521538258
32,INTERMEDIATE,0,6.609146592053657e-07,52,0.014720380317467807,0.00018482314153540227,167,0.03635253384709358
32,INTERMEDIATE,1,6.609146592053657e-07,52,0.014720380317467807,0.00018482314153540227,167,0.012860388495028019
32,INTERMEDIATE,2,6.609146592053657e-07,52,0.014720380317467807,0.00018482314153540227,167,0.012242525815963745
32,INTERMEDIATE,3,6.609146592053657e-07,52,0.014720380317467807,0.00018482314153540227,167,0.01093366090208292
32,INTERMEDIATE,4,6.609146592053657e-07,52,0.014720380317467807,0.00018482314153540227,167,0.00984569638967514
32,COMPLETED,4,6.609146592053657e-07,52,0.014720380317467807,0.00018482314153540227,167,0.00984569638967514
33,INTERMEDIATE,0,8.178139478814517e-07,56,0.23887621403820514,0.001606363459937816,159,0.014677358791232109
33,INTERMEDIATE,1,8.178139478814517e-07,56,0.23887621403820514,0.001606363459937816,159,0.01199100911617279
33,INTERMEDIATE,2,8.178139478814517e-07,56,0.23887621403820514,0.001606363459937816,159,0.01111991424113512
33,INTERMEDIATE,3,8.178139478814517e-07,56,0.23887621403820514,0.001606363459937816,159,0.01027223002165556
33,INTERMEDIATE,4,8.178139478814517e-07,56,0.23887621403820514,0.001606363459937816,159,0.010970099829137325
33,COMPLETED,4,8.178139478814517e-07,56,0.23887621403820514,0.001606363459937816,159,0.01027223002165556
34,INTERMEDIATE,0,1.7379486296344974e-07,198,0.013929174190216942,0.0002278918289450004,129,0.017330113798379898
34,INTERMEDIATE,1,1.7379486296344974e-07,198,0.013929174190216942,0.0002278918289450004,129,0.011912896297872066
34,INTERMEDIATE,2,1.7379486296344974e-07,198,0.013929174190216942,0.0002278918289450004,129,0.01052698865532875
34,INTERMEDIATE,3,1.7379486296344974e-07,198,0.013929174190216942,0.0002278918289450004,129,0.010240551084280014
34,INTERMEDIATE,4,1.7379486296344974e-07,198,0.013929174190216942,0.0002278918289450004,129,0.009104677475988865
34,COMPLETED,4,1.7379486296344974e-07,198,0.013929174190216942,0.0002278918289450004,129,0.009104677475988865
35,INTERMEDIATE,0,9.367534851254735e-07,87,0.015138724961557937,0.00034097180464593216,189,0.016962604597210884
35,INTERMEDIATE,1,9.367534851254735e-07,87,0.015138724961557937,0.00034097180464593216,189,0.012363450601696968
35,INTERMEDIATE,2,9.367534851254735e-07,87,0.015138724961557937,0.00034097180464593216,189,0.01059088483452797
35,INTERMEDIATE,3,9.367534851254735e-07,87,0.015138724961557937,0.00034097180464593216,189,0.010597052983939648
35,INTERMEDIATE,4,9.367534851254735e-07,87,0.015138724961557937,0.00034097180464593216,189,0.008994176052510738
35,COMPLETED,4,9.367534851254735e-07,87,0.015138724961557937,0.00034097180464593216,189,0.008994176052510738
36,INTERMEDIATE,0,3.8646476518025914e-05,121,0.47641887416319567,0.031449520842345584,87,0.0356723926961422
36,INTERMEDIATE,1,3.8646476518025914e-05,121,0.47641887416319567,0.031449520842345584,87,0.3143976926803589
36,INTERMEDIATE,2,3.8646476518025914e-05,121,0.47641887416319567,0.031449520842345584,87,0.03766021877527237
36,INTERMEDIATE,3,3.8646476518025914e-05,121,0.47641887416319567,0.031449520842345584,87,0.03714708238840103
36,INTERMEDIATE,4,3.8646476518025914e-05,121,0.47641887416319567,0.031449520842345584,87,0.03648729249835014
36,COMPLETED,4,3.8646476518025914e-05,121,0.47641887416319567,0.031449520842345584,87,0.0356723926961422
37,INTERMEDIATE,0,0.0001262655069947253,125,0.2756439519753022,0.05085705146296891,62,
37,INTERMEDIATE,1,0.0001262655069947253,125,0.2756439519753022,0.05085705146296891,62,
37,INTERMEDIATE,2,0.0001262655069947253,125,0.2756439519753022,0.05085705146296891,62,
37,INTERMEDIATE,3,0.0001262655069947253,125,0.2756439519753022,0.05085705146296891,62,
37,INTERMEDIATE,4,0.0001262655069947253,125,0.2756439519753022,0.05085705146296891,62,
38,INTERMEDIATE,0,6.882044447984596e-06,111,0.25558260268228555,0.0024536803911776326,188,0.022544309496879578
38,INTERMEDIATE,1,6.882044447984596e-06,111,0.25558260268228555,0.0024536803911776326,188,0.011196506209671497
38,INTERMEDIATE,2,6.882044447984596e-06,111,0.25558260268228555,0.0024536803911776326,188,0.011421361938118935
38,INTERMEDIATE,3,6.882044447984596e-06,111,0.25558260268228555,0.0024536803911776326,188,0.010611377656459808
38,INTERMEDIATE,4,6.882044447984596e-06,111,0.25558260268228555,0.0024536803911776326,188,0.010232025757431984
38,COMPLETED,4,6.882044447984596e-06,111,0.25558260268228555,0.0024536803911776326,188,0.010232025757431984
39,INTERMEDIATE,0,0.00376573383592093,185,0.13445623050287142,0.021567677312760856,140,0.46996939182281494
39,INTERMEDIATE,1,0.00376573383592093,185,0.13445623050287142,0.021567677312760856,140,0.4699654281139374
39,INTERMEDIATE,2,0.00376573383592093,185,0.13445623050287142,0.021567677312760856,140,0.46996256709098816
39,INTERMEDIATE,3,0.00376573383592093,185,0.13445623050287142,0.021567677312760856,140,0.46996009349823
39,INTERMEDIATE,4,0.00376573383592093,185,0.13445623050287142,0.021567677312760856,140,0.4699566066265106
39,COMPLETED,4,0.00376573383592093,185,0.13445623050287142,0.021567677312760856,140,0.4699566066265106
40,INTERMEDIATE,0,3.990899722717039e-06,153,0.4930026660287801,0.0011935304454667697,195,0.015487291850149632
40,INTERMEDIATE,1,3.990899722717039e-06,153,0.4930026660287801,0.0011935304454667697,195,0.010615218430757523
40,INTERMEDIATE,2,3.990899722717039e-06,153,0.4930026660287801,0.0011935304454667697,195,0.013466342352330685
40,INTERMEDIATE,3,3.990899722717039e-06,153,0.4930026660287801,0.0011935304454667697,195,0.009995709173381329
40,INTERMEDIATE,4,3.990899722717039e-06,153,0.4930026660287801,0.0011935304454667697,195,0.009194895625114441
40,COMPLETED,4,3.990899722717039e-06,153,0.4930026660287801,0.0011935304454667697,195,0.009194895625114441
41,INTERMEDIATE,0,3.591324515678747e-06,85,0.32279060407479704,0.001915864339362599,117,0.011748403310775757
41,INTERMEDIATE,1,3.591324515678747e-06,85,0.32279060407479704,0.001915864339362599,117,0.009932332672178745
41,INTERMEDIATE,2,3.591324515678747e-06,85,0.32279060407479704,0.001915864339362599,117,0.010212157852947712
41,INTERMEDIATE,3,3.591324515678747e-06,85,0.32279060407479704,0.001915864339362599,117,0.009300969541072845
41,INTERMEDIATE,4,3.591324515678747e-06,85,0.32279060407479704,0.001915864339362599,117,0.00883632805198431
41,COMPLETED,4,3.591324515678747e-06,85,0.32279060407479704,0.001915864339362599,117,0.00883632805198431
42,INTERMEDIATE,0,1.0181521778394522e-05,166,0.3021873731419755,0.0007106772074902103,153,0.014502202160656452
42,INTERMEDIATE,1,1.0181521778394522e-05,166,0.3021873731419755,0.0007106772074902103,153,0.010736753232777119
42,INTERMEDIATE,2,1.0181521778394522e-05,166,0.3021873731419755,0.0007106772074902103,153,0.009794168174266815
42,INTERMEDIATE,3,1.0181521778394522e-05,166,0.3021873731419755,0.0007106772074902103,153,0.009271510876715183
42,INTERMEDIATE,4,1.0181521778394522e-05,166,0.3021873731419755,0.0007106772074902103,153,0.00942271389067173
42,COMPLETED,4,1.0181521778394522e-05,166,0.3021873731419755,0.0007106772074902103,153,0.009271510876715183
43,INTERMEDIATE,0,0.0011592821907133568,137,0.07089757336207658,0.005032030085099265,147,0.018313772976398468
43,INTERMEDIATE,1,0.0011592821907133568,137,0.07089757336207658,0.005032030085099265,147,0.01368648000061512
43,INTERMEDIATE,2,0.0011592821907133568,137,0.07089757336207658,0.005032030085099265,147,0.01704295538365841
43,INTERMEDIATE,3,0.0011592821907133568,137,0.07089757336207658,0.005032030085099265,147,0.013945079408586025
43,INTERMEDIATE,4,0.0011592821907133568,137,0.07089757336207658,0.005032030085099265,147,0.012040271423757076
43,COMPLETED,4,0.0011592821907133568,137,0.07089757336207658,0.005032030085099265,147,0.012040271423757076
44,INTERMEDIATE,0,6.584849419012138e-07,107,0.36915705455526276,0.0034953667104235305,53,0.016337694600224495
44,INTERMEDIATE,1,6.584849419012138e-07,107,0.36915705455526276,0.0034953667104235305,53,0.013303101062774658
44,INTERMEDIATE,2,6.584849419012138e-07,107,0.36915705455526276,0.0034953667104235305,53,0.012473399750888348
44,INTERMEDIATE,3,6.584849419012138e-07,107,0.36915705455526276,0.0034953667104235305,53,0.011087711900472641
44,INTERMEDIATE,4,6.584849419012138e-07,107,0.36915705455526276,0.0034953667104235305,53,0.01064587663859129
44,COMPLETED,4,6.584849419012138e-07,107,0.36915705455526276,0.0034953667104235305,53,0.01064587663859129
45,INTERMEDIATE,0,3.229351912513156e-05,119,0.14037470433761107,0.0016615019535037151,149,0.014224975369870663
45,INTERMEDIATE,1,3.229351912513156e-05,119,0.14037470433761107,0.0016615019535037151,149,0.011584674939513206
45,INTERMEDIATE,2,3.229351912513156e-05,119,0.14037470433761107,0.0016615019535037151,149,0.009933063760399818
45,INTERMEDIATE,3,3.229351912513156e-05,119,0.14037470433761107,0.0016615019535037151,149,0.00964596588164568
45,INTERMEDIATE,4,3.229351912513156e-05,119,0.14037470433761107,0.0016615019535037151,149,0.008920792490243912
45,COMPLETED,4,3.229351912513156e-05,119,0.14037470433761107,0.0016615019535037151,149,0.008920792490243912
46,INTERMEDIATE,0,4.989006562328871e-06,110,0.41345109028680904,0.052726586376008994,70,
46,INTERMEDIATE,1,4.989006562328871e-06,110,0.41345109028680904,0.052726586376008994,70,
46,INTERMEDIATE,2,4.989006562328871e-06,110,0.41345109028680904,0.052726586376008994,70,
46,INTERMEDIATE,3,4.989006562328871e-06,110,0.41345109028680904,0.052726586376008994,70,
46,INTERMEDIATE,4,4.989006562328871e-06,110,0.41345109028680904,0.052726586376008994,70,
47,INTERMEDIATE,0,0.0005138070620481938,71,0.41176673752757503,0.00017210920236176449,133,0.0320572555065155
47,INTERMEDIATE,1,0.0005138070620481938,71,0.41176673752757503,0.00017210920236176449,133,0.018026869744062424
47,INTERMEDIATE,2,0.0005138070620481938,71,0.41176673752757503,0.00017210920236176449,133,0.01442628726363182
47,INTERMEDIATE,3,0.0005138070620481938,71,0.41176673752757503,0.00017210920236176449,133,0.012859009206295013
47,INTERMEDIATE,4,0.0005138070620481938,71,0.41176673752757503,0.00017210920236176449,133,0.012540830299258232
47,COMPLETED,4,0.0005138070620481938,71,0.41176673752757503,0.00017210920236176449,133,0.012540830299258232
48,INTERMEDIATE,0,0.0025487569072053552,158,0.12001627474509047,0.06996243814996513,189,
48,INTERMEDIATE,1,0.0025487569072053552,158,0.12001627474509047,0.06996243814996513,189,
48,INTERMEDIATE,2,0.0025487569072053552,158,0.12001627474509047,0.06996243814996513,189,
48,INTERMEDIATE,3,0.0025487569072053552,158,0.12001627474509047,0.06996243814996513,189,
48,INTERMEDIATE,4,0.0025487569072053552,158,0.12001627474509047,0.06996243814996513,189,
49,INTERMEDIATE,0,2.9046606722237924e-07,118,0.1862017961819813,0.0012675197526131555,128,0.02124844118952751
49,INTERMEDIATE,1,2.9046606722237924e-07,118,0.1862017961819813,0.0012675197526131555,128,0.012028750032186508
49,INTERMEDIATE,2,2.9046606722237924e-07,118,0.1862017961819813,0.0012675197526131555,128,0.011181517504155636
49,INTERMEDIATE,3,2.9046606722237924e-07,118,0.1862017961819813,0.0012675197526131555,128,0.009856089949607849
49,INTERMEDIATE,4,2.9046606722237924e-07,118,0.1862017961819813,0.0012675197526131555,128,0.008953467942774296
49,COMPLETED,4,2.9046606722237924e-07,118,0.1862017961819813,0.0012675197526131555,128,0.008953467942774296
